Interval,GMTIntervalEnd,Constraint Name,Constraint Type,NERCID,State,Shadow Price,Monitored Facility,Contingent Facility, Contingency Name
01/13/2026 01:00:00,01/13/2026 07:00:00,11043A_LN@LEX1611<12128>,MA,,BINDING,37.8411,LN LEX1611 - RICHMN2,MPS AMRN:SIBLEY OVER:345:2:9,12128
01/13/2026 01:00:00,01/13/2026 07:00:00,DRIFTSAND_LINEA_LN@DRFTSND4<BASE>,MA,,BINDING,-5.6897,LN DRFTSND4 - SANTAFE4,BASE,BASE
01/13/2026 01:00:00,01/13/2026 07:00:00,KETCHEM_KETCH_OSBORN_A_LN,MCE,,BINDING,5.3498,LN KETCHEM - OSBORNWF,BASE,BASE
01/13/2026 01:00:00,01/13/2026 07:00:00,NASXFRNASHAW,FG,5577,BINDING,-123.7914,XFMR NASHUA - NASHUA,KCPL:NASHUA SHALE:345:1:11,25948
01/13/2026 01:00:00,01/13/2026 07:00:00,SOONER_SONR_SONR_PHSHFT_PS,MCE,,BREACHED,0.0000,PS SOONER - SOONER,BASE,BASE
01/13/2026 01:00:00,01/13/2026 07:00:00,SPPSPSTIES,FG,5247,BINDING,-0.0578,Multi-Element Constraint,BASE,BASE
01/13/2026 01:00:00,01/13/2026 07:00:00,TEMP82_22539,FG,22539,BINDING,-56.0130,LN SHAYS - MULGRE2,WR MIDW:SUMM WR_SMKHL:230:1:5,625
01/13/2026 01:00:00,01/13/2026 07:00:00,TMP116_25168,FG,25168,BINDING,-25.9472,LN COOPER - ST_JOE,MPS:SIBLEY KETCHEM:345:1:13,12676
01/13/2026 01:00:00,01/13/2026 07:00:00,TMP128_29363,FG,29363,BINDING,-109.0400,LN RUSSETT - SBROWN,OKGE:BROWN2 BODLE CANEY1:138:7:34,333
01/13/2026 01:00:00,01/13/2026 07:00:00,TMP200_25341,FG,25341,BINDING,-17.0992,XFMR POTTER_S - POTTER_S,SPS:HITCH MOORE_CO:230:1:10,13134
01/13/2026 01:00:00,01/13/2026 07:00:00,TMP221_28668,FG,28668,BINDING,-22.5974,XFMR BELFELD - BELFELD,WAUE:BELFELD XF KU1A3:345 230 13.8,22236
01/13/2026 01:00:00,01/13/2026 07:00:00,TMP246_28141,FG,28141,BINDING,-444.2879,LN AUR1241 - RDSPG5,CSWS SPA:EUREKASP EURK_SPA BEAVER1,32502
01/13/2026 01:00:00,01/13/2026 07:00:00,TMP266_27514,FG,27514,BINDING,-66.1500,XFMR FRANKLN5 - FRANKLN5,WR:FRANKLN5 LITC:161:1:8,8767
01/13/2026 01:00:00,01/13/2026 07:00:00,TMP667_32554,FG,32554,BINDING,-74.6271,LN LITC - ASB3491,EDE WR:RAM452 NSES:161:1:5,7054
01/13/2026 01:00:00,01/13/2026 07:00:00,TMP758_28735,FG,28735,BINDING,-103.0185,XFMR NSES - NSES,WR:N345 NSES:345 161 13.8:4:11,11820
01/13/2026 01:00:00,01/13/2026 07:00:00,TP1090_31933,FG,31933,BINDING,-114.2999,XFMR FTSMTH - FTSMTH,EES:ARK_NU XF T2:500:2:8,BB8089
01/13/2026 01:00:00,01/13/2026 07:00:00,TP1214_32539,FG,32539,BINDING,-236.1228,XFMR DUNCAN - DUNCAN,OKGE CSWS:SUNNYSDE TERRY_RD:345:2:,2909
01/13/2026 02:00:00,01/13/2026 08:00:00,11043A_LN@LEX1611<12128>,MA,,BINDING,62.8715,LN LEX1611 - RICHMN2,MPS AMRN:SIBLEY OVER:345:2:9,12128
01/13/2026 02:00:00,01/13/2026 08:00:00,DRIFTSAND_LINEA_LN@DRFTSND4<BASE>,MA,,BINDING,-5.4231,LN DRFTSND4 - SANTAFE4,BASE,BASE
01/13/2026 02:00:00,01/13/2026 08:00:00,KETCHEM_KETCH_OSBORN_A_LN,MCE,,BINDING,0.8834,LN KETCHEM - OSBORNWF,BASE,BASE
01/13/2026 02:00:00,01/13/2026 08:00:00,NASXFRNASHAW,FG,5577,BINDING,-141.3156,XFMR NASHUA - NASHUA,KCPL:NASHUA SHALE:345:1:11,25948
01/13/2026 02:00:00,01/13/2026 08:00:00,SOONER_SONR_SONR_PHSHFT_PS,MCE,,BREACHED,0.0000,PS SOONER - SOONER,BASE,BASE
01/13/2026 02:00:00,01/13/2026 08:00:00,SPPSPSTIES,FG,5247,BINDING,-0.5044,Multi-Element Constraint,BASE,BASE
01/13/2026 02:00:00,01/13/2026 08:00:00,TEMP82_22539,FG,22539,BINDING,-51.6118,LN SHAYS - MULGRE2,WR MIDW:SUMM WR_SMKHL:230:1:5,625
01/13/2026 02:00:00,01/13/2026 08:00:00,TMP116_25168,FG,25168,BINDING,-33.3992,LN COOPER - ST_JOE,MPS:SIBLEY KETCHEM:345:1:13,12676
01/13/2026 02:00:00,01/13/2026 08:00:00,TMP128_29363,FG,29363,BINDING,-102.7152,LN RUSSETT - SBROWN,OKGE:BROWN2 BODLE CANEY1:138:7:34,333
01/13/2026 02:00:00,01/13/2026 08:00:00,TMP200_25341,FG,25341,BINDING,-13.6758,XFMR POTTER_S - POTTER_S,SPS:HITCH MOORE_CO:230:1:10,13134
01/13/2026 02:00:00,01/13/2026 08:00:00,TMP221_28668,FG,28668,BINDING,-16.6487,XFMR BELFELD - BELFELD,WAUE:BELFELD XF KU1A3:345 230 13.8,22236
01/13/2026 02:00:00,01/13/2026 08:00:00,TMP246_28141,FG,28141,BINDING,-443.3018,LN AUR1241 - RDSPG5,CSWS SPA:EUREKASP EURK_SPA BEAVER1,32502
01/13/2026 02:00:00,01/13/2026 08:00:00,TMP266_27514,FG,27514,BINDING,-53.6119,XFMR FRANKLN5 - FRANKLN5,WR:FRANKLN5 LITC:161:1:8,8767
01/13/2026 02:00:00,01/13/2026 08:00:00,TMP364_1068,FG,1068,BINDING,-82.4709,LN WILMSBRG - MONT_CTY,AMRN:BURN2 MTGY:345:1:8,14559
01/13/2026 02:00:00,01/13/2026 08:00:00,TMP667_32554,FG,32554,BINDING,-75.1304,LN LITC - ASB3491,EDE WR:RAM452 NSES:161:1:5,7054
01/13/2026 02:00:00,01/13/2026 08:00:00,TMP758_28735,FG,28735,BINDING,-114.8496,XFMR NSES - NSES,WR:N345 NSES:345 161 13.8:4:11,11820
01/13/2026 02:00:00,01/13/2026 08:00:00,TMP907_29565,FG,29565,BINDING,-2.5255,LN OASIS - SAN_JUAN,SPS:CROSSRDS EDDY_CO:345:1:12,7545
01/13/2026 02:00:00,01/13/2026 08:00:00,TP1090_31933,FG,31933,BINDING,-85.7432,XFMR FTSMTH - FTSMTH,EES:ARK_NU XF T2:500:2:8,BB8089
01/13/2026 02:00:00,01/13/2026 08:00:00,TP1214_32539,FG,32539,BINDING,-236.5173,XFMR DUNCAN - DUNCAN,OKGE CSWS:SUNNYSDE TERRY_RD:345:2:,2909
01/13/2026 03:00:00,01/13/2026 09:00:00,11043A_LN@LEX1611<12128>,MA,,BINDING,137.1771,LN LEX1611 - RICHMN2,MPS AMRN:SIBLEY OVER:345:2:9,12128
01/13/2026 03:00:00,01/13/2026 09:00:00,DRIFTSAND_LINEA_LN@DRFTSND4<BASE>,MA,,BINDING,-7.0000,LN DRFTSND4 - SANTAFE4,BASE,BASE
01/13/2026 03:00:00,01/13/2026 09:00:00,NASXFRNASHAW,FG,5577,BINDING,-164.2955,XFMR NASHUA - NASHUA,KCPL:NASHUA SHALE:345:1:11,25948
01/13/2026 03:00:00,01/13/2026 09:00:00,SOONER_SONR_SONR_PHSHFT_PS,MCE,,BREACHED,0.0000,PS SOONER - SOONER,BASE,BASE
01/13/2026 03:00:00,01/13/2026 09:00:00,TEMP82_22539,FG,22539,BINDING,-46.1843,LN SHAYS - MULGRE2,WR MIDW:SUMM WR_SMKHL:230:1:5,625
01/13/2026 03:00:00,01/13/2026 09:00:00,TMP100_23510,FG,23510,BINDING,-17.0987,LN COOPER - ST_JOE,NPPD AECI MPS:COOPER FAIRPORT ST_J,2623
01/13/2026 03:00:00,01/13/2026 09:00:00,TMP116_25168,FG,25168,BINDING,-12.0056,LN COOPER - ST_JOE,MPS:SIBLEY KETCHEM:345:1:13,12676
01/13/2026 03:00:00,01/13/2026 09:00:00,TMP128_29363,FG,29363,BINDING,-98.6162,LN RUSSETT - SBROWN,OKGE:BROWN2 BODLE CANEY1:138:7:34,333
01/13/2026 03:00:00,01/13/2026 09:00:00,TMP200_25341,FG,25341,BINDING,-4.9559,XFMR POTTER_S - POTTER_S,SPS:HITCH MOORE_CO:230:1:10,13134
01/13/2026 03:00:00,01/13/2026 09:00:00,TMP221_28668,FG,28668,BINDING,-20.6761,XFMR BELFELD - BELFELD,WAUE:BELFELD XF KU1A3:345 230 13.8,22236
01/13/2026 03:00:00,01/13/2026 09:00:00,TMP246_28141,FG,28141,BINDING,-427.2192,LN AUR1241 - RDSPG5,CSWS SPA:EUREKASP EURK_SPA BEAVER1,32502
01/13/2026 03:00:00,01/13/2026 09:00:00,TMP266_27514,FG,27514,BINDING,-35.4909,XFMR FRANKLN5 - FRANKLN5,WR:FRANKLN5 LITC:161:1:8,8767
01/13/2026 03:00:00,01/13/2026 09:00:00,TMP364_1068,FG,1068,BINDING,-324.3391,LN WILMSBRG - MONT_CTY,AMRN:BURN2 MTGY:345:1:8,14559
01/13/2026 03:00:00,01/13/2026 09:00:00,TMP667_32554,FG,32554,BINDING,-54.6469,LN LITC - ASB3491,EDE WR:RAM452 NSES:161:1:5,7054
01/13/2026 03:00:00,01/13/2026 09:00:00,TMP758_28735,FG,28735,BINDING,-34.0034,XFMR NSES - NSES,WR:N345 NSES:345 161 13.8:4:11,11820
01/13/2026 03:00:00,01/13/2026 09:00:00,TMP907_29565,FG,29565,BINDING,-13.1563,LN OASIS - SAN_JUAN,SPS:CROSSRDS EDDY_CO:345:1:12,7545
01/13/2026 03:00:00,01/13/2026 09:00:00,TP1090_31933,FG,31933,BINDING,-81.4929,XFMR FTSMTH - FTSMTH,EES:ARK_NU XF T2:500:2:8,BB8089
01/13/2026 03:00:00,01/13/2026 09:00:00,TP1214_32539,FG,32539,BINDING,-232.3223,XFMR DUNCAN - DUNCAN,OKGE CSWS:SUNNYSDE TERRY_RD:345:2:,2909
01/13/2026 04:00:00,01/13/2026 10:00:00,11043A_LN@LEX1611<12128>,MA,,BINDING,105.0642,LN LEX1611 - RICHMN2,MPS AMRN:SIBLEY OVER:345:2:9,12128
01/13/2026 04:00:00,01/13/2026 10:00:00,DRIFTSAND_LINEA_LN@DRFTSND4<BASE>,MA,,BINDING,-7.7903,LN DRFTSND4 - SANTAFE4,BASE,BASE
01/13/2026 04:00:00,01/13/2026 10:00:00,NASXFRNASHAW,FG,5577,BINDING,-154.2558,XFMR NASHUA - NASHUA,KCPL:NASHUA SHALE:345:1:11,25948
01/13/2026 04:00:00,01/13/2026 10:00:00,SOONER_SONR_SONR_PHSHFT_PS,MCE,,BREACHED,0.0000,PS SOONER - SOONER,BASE,BASE
01/13/2026 04:00:00,01/13/2026 10:00:00,TEMP76_32162,FG,32162,BINDING,-228.3634,XFMR DUNCAN - DUNCAN,WFEC:PAYNE_WF PAOLI2:138:1:9,19871
01/13/2026 04:00:00,01/13/2026 10:00:00,TEMP82_22539,FG,22539,BINDING,-32.7502,LN SHAYS - MULGRE2,WR MIDW:SUMM WR_SMKHL:230:1:5,625
01/13/2026 04:00:00,01/13/2026 10:00:00,TMP100_23510,FG,23510,BINDING,-5.8489,LN COOPER - ST_JOE,NPPD AECI MPS:COOPER FAIRPORT ST_J,2623
01/13/2026 04:00:00,01/13/2026 10:00:00,TMP116_25168,FG,25168,BINDING,-30.2417,LN COOPER - ST_JOE,MPS:SIBLEY KETCHEM:345:1:13,12676
01/13/2026 04:00:00,01/13/2026 10:00:00,TMP122_26551,FG,26551,BINDING,-8.8849,LN WR_SMKHL - SUMM,SECI MIDW:MULGRE2 SHAYS:230:1:9,12487
01/13/2026 04:00:00,01/13/2026 10:00:00,TMP128_29363,FG,29363,BINDING,-96.4467,LN RUSSETT - SBROWN,OKGE:BROWN2 BODLE CANEY1:138:7:34,333
01/13/2026 04:00:00,01/13/2026 10:00:00,TMP200_25341,FG,25341,BINDING,-10.2878,XFMR POTTER_S - POTTER_S,SPS:HITCH MOORE_CO:230:1:10,13134
01/13/2026 04:00:00,01/13/2026 10:00:00,TMP221_28668,FG,28668,BINDING,-13.4984,XFMR BELFELD - BELFELD,WAUE:BELFELD XF KU1A3:345 230 13.8,22236
01/13/2026 04:00:00,01/13/2026 10:00:00,TMP246_28141,FG,28141,BINDING,-453.3177,LN AUR1241 - RDSPG5,CSWS SPA:EUREKASP EURK_SPA BEAVER1,32502
01/13/2026 04:00:00,01/13/2026 10:00:00,TMP266_27514,FG,27514,BINDING,-52.2883,XFMR FRANKLN5 - FRANKLN5,WR:FRANKLN5 LITC:161:1:8,8767
01/13/2026 04:00:00,01/13/2026 10:00:00,TMP364_1068,FG,1068,BINDING,-243.9714,LN WILMSBRG - MONT_CTY,AMRN:BURN2 MTGY:345:1:8,14559
01/13/2026 04:00:00,01/13/2026 10:00:00,TMP667_32554,FG,32554,BINDING,-73.5381,LN LITC - ASB3491,EDE WR:RAM452 NSES:161:1:5,7054
01/13/2026 04:00:00,01/13/2026 10:00:00,TMP758_28735,FG,28735,BINDING,-120.4434,XFMR NSES - NSES,WR:N345 NSES:345 161 13.8:4:11,11820
01/13/2026 04:00:00,01/13/2026 10:00:00,TP1090_31933,FG,31933,BINDING,-84.6169,XFMR FTSMTH - FTSMTH,EES:ARK_NU XF T2:500:2:8,BB8089
01/13/2026 05:00:00,01/13/2026 11:00:00,11043A_LN@LEX1611<12128>,MA,,BINDING,162.7609,LN LEX1611 - RICHMN2,MPS AMRN:SIBLEY OVER:345:2:9,12128
01/13/2026 05:00:00,01/13/2026 11:00:00,DRIFTSAND_LINEA_LN@DRFTSND4<BASE>,MA,,BINDING,-14.9722,LN DRFTSND4 - SANTAFE4,BASE,BASE
01/13/2026 05:00:00,01/13/2026 11:00:00,NASXFRNASHAW,FG,5577,BINDING,-168.4919,XFMR NASHUA - NASHUA,KCPL:NASHUA SHALE:345:1:11,25948
01/13/2026 05:00:00,01/13/2026 11:00:00,SOONER_SONR_SONR_PHSHFT_PS,MCE,,BREACHED,0.0000,PS SOONER - SOONER,BASE,BASE
01/13/2026 05:00:00,01/13/2026 11:00:00,TEMP76_32162,FG,32162,BINDING,-154.9128,XFMR DUNCAN - DUNCAN,WFEC:PAYNE_WF PAOLI2:138:1:9,19871
01/13/2026 05:00:00,01/13/2026 11:00:00,TEMP82_22539,FG,22539,BINDING,-17.0331,LN SHAYS - MULGRE2,WR MIDW:SUMM WR_SMKHL:230:1:5,625
01/13/2026 05:00:00,01/13/2026 11:00:00,TMP100_23510,FG,23510,BINDING,-18.8603,LN COOPER - ST_JOE,NPPD AECI MPS:COOPER FAIRPORT ST_J,2623
01/13/2026 05:00:00,01/13/2026 11:00:00,TMP116_25168,FG,25168,BINDING,-13.6356,LN COOPER - ST_JOE,MPS:SIBLEY KETCHEM:345:1:13,12676
01/13/2026 05:00:00,01/13/2026 11:00:00,TMP122_26551,FG,26551,BINDING,-24.8553,LN WR_SMKHL - SUMM,SECI MIDW:MULGRE2 SHAYS:230:1:9,12487
01/13/2026 05:00:00,01/13/2026 11:00:00,TMP128_29363,FG,29363,BINDING,-88.8988,LN RUSSETT - SBROWN,OKGE:BROWN2 BODLE CANEY1:138:7:34,333
01/13/2026 05:00:00,01/13/2026 11:00:00,TMP221_28668,FG,28668,BINDING,-19.9961,XFMR BELFELD - BELFELD,WAUE:BELFELD XF KU1A3:345 230 13.8,22236
01/13/2026 05:00:00,01/13/2026 11:00:00,TMP246_28141,FG,28141,BINDING,-473.5488,LN AUR1241 - RDSPG5,CSWS SPA:EUREKASP EURK_SPA BEAVER1,32502
01/13/2026 05:00:00,01/13/2026 11:00:00,TMP266_27514,FG,27514,BINDING,-45.8769,XFMR FRANKLN5 - FRANKLN5,WR:FRANKLN5 LITC:161:1:8,8767
01/13/2026 05:00:00,01/13/2026 11:00:00,TMP364_1068,FG,1068,BINDING,-457.9389,LN WILMSBRG - MONT_CTY,AMRN:BURN2 MTGY:345:1:8,14559
01/13/2026 05:00:00,01/13/2026 11:00:00,TMP667_32554,FG,32554,BINDING,-70.8838,LN LITC - ASB3491,EDE WR:RAM452 NSES:161:1:5,7054
01/13/2026 05:00:00,01/13/2026 11:00:00,TMP758_28735,FG,28735,BINDING,-77.2558,XFMR NSES - NSES,WR:N345 NSES:345 161 13.8:4:11,11820
01/13/2026 05:00:00,01/13/2026 11:00:00,TP1214_32539,FG,32539,BINDING,-50.4484,XFMR DUNCAN - DUNCAN,OKGE CSWS:SUNNYSDE TERRY_RD:345:2:,2909
01/13/2026 06:00:00,01/13/2026 12:00:00,11043A_LN@LEX1611<12128>,MA,,BINDING,120.7715,LN LEX1611 - RICHMN2,MPS AMRN:SIBLEY OVER:345:2:9,12128
01/13/2026 06:00:00,01/13/2026 12:00:00,BLMFLD_CROFTONA_LN@CROFTON<BASE>,MA,,BINDING,-1.8547,LN CROFTON - BLMFLD,BASE,BASE
01/13/2026 06:00:00,01/13/2026 12:00:00,DRFTSND4_DRIFTSAND_LINE_A_LN,MCE,,BINDING,-18.2430,LN DRFTSND4 - SANTAFE4,BASE,BASE
01/13/2026 06:00:00,01/13/2026 12:00:00,KNOB_MARSHAL3A_LN@KNOB<10512>,MA,,BINDING,-22.3427,LN KNOB - MARSHAL3,WR OPPD:KELL SUB1399 TECH:161:2:11,10512
01/13/2026 06:00:00,01/13/2026 12:00:00,NASXFRNASHAW,FG,5577,BINDING,-166.2192,XFMR NASHUA - NASHUA,KCPL:NASHUA SHALE:345:1:11,25948
01/13/2026 06:00:00,01/13/2026 12:00:00,SOONER_SONR_SONR_PHSHFT_PS,MCE,,BREACHED,0.0000,PS SOONER - SOONER,BASE,BASE
01/13/2026 06:00:00,01/13/2026 12:00:00,TEMP76_32162,FG,32162,BINDING,-187.2933,XFMR DUNCAN - DUNCAN,WFEC:PAYNE_WF PAOLI2:138:1:9,19871
01/13/2026 06:00:00,01/13/2026 12:00:00,TEMP82_22539,FG,22539,BINDING,-21.1064,LN SHAYS - MULGRE2,WR MIDW:SUMM WR_SMKHL:230:1:5,625
01/13/2026 06:00:00,01/13/2026 12:00:00,TMP100_23510,FG,23510,BINDING,-4.5934,LN COOPER - ST_JOE,NPPD AECI MPS:COOPER FAIRPORT ST_J,2623
01/13/2026 06:00:00,01/13/2026 12:00:00,TMP116_25168,FG,25168,BINDING,-47.6015,LN COOPER - ST_JOE,MPS:SIBLEY KETCHEM:345:1:13,12676
01/13/2026 06:00:00,01/13/2026 12:00:00,TMP117_32157,FG,32157,BINDING,-12.3392,XFMR GRNDFKS - GRNDFKS,OTP:PRAIRIE2 LKARDOCH DRAYTON:230:,17261
01/13/2026 06:00:00,01/13/2026 12:00:00,TMP122_26551,FG,26551,BINDING,-20.1654,LN WR_SMKHL - SUMM,SECI MIDW:MULGRE2 SHAYS:230:1:9,12487
01/13/2026 06:00:00,01/13/2026 12:00:00,TMP128_29363,FG,29363,BINDING,-90.0798,LN RUSSETT - SBROWN,OKGE:BROWN2 BODLE CANEY1:138:7:34,333
01/13/2026 06:00:00,01/13/2026 12:00:00,TMP221_28668,FG,28668,BINDING,-17.3521,XFMR BELFELD - BELFELD,WAUE:BELFELD XF KU1A3:345 230 13.8,22236
01/13/2026 06:00:00,01/13/2026 12:00:00,TMP246_28141,FG,28141,BINDING,-480.3740,LN AUR1241 - RDSPG5,CSWS SPA:EUREKASP EURK_SPA BEAVER1,32502
01/13/2026 06:00:00,01/13/2026 12:00:00,TMP266_27514,FG,27514,BINDING,-35.4599,XFMR FRANKLN5 - FRANKLN5,WR:FRANKLN5 LITC:161:1:8,8767
01/13/2026 06:00:00,01/13/2026 12:00:00,TMP364_1068,FG,1068,BINDING,-436.7864,LN WILMSBRG - MONT_CTY,AMRN:BURN2 MTGY:345:1:8,14559
01/13/2026 06:00:00,01/13/2026 12:00:00,TMP667_32554,FG,32554,BINDING,-64.2792,LN LITC - ASB3491,EDE WR:RAM452 NSES:161:1:5,7054
01/13/2026 06:00:00,01/13/2026 12:00:00,TMP758_28735,FG,28735,BINDING,-97.5459,XFMR NSES - NSES,WR:N345 NSES:345 161 13.8:4:11,11820
01/13/2026 07:00:00,01/13/2026 13:00:00,11043A_LN@LEX1611<12128>,MA,,BINDING,137.5668,LN LEX1611 - RICHMN2,MPS AMRN:SIBLEY OVER:345:2:9,12128
01/13/2026 07:00:00,01/13/2026 13:00:00,BLMFLD_CROFTONA_LN@CROFTON<BASE>,MA,,BINDING,-1.8777,LN CROFTON - BLMFLD,BASE,BASE
01/13/2026 07:00:00,01/13/2026 13:00:00,KNOB_MARSHAL3A_LN@KNOB<10512>,MA,,BINDING,-2.4306,LN KNOB - MARSHAL3,WR OPPD:KELL SUB1399 TECH:161:2:11,10512
01/13/2026 07:00:00,01/13/2026 13:00:00,NASXFRNASHAW,FG,5577,BINDING,-145.3029,XFMR NASHUA - NASHUA,KCPL:NASHUA SHALE:345:1:11,25948
01/13/2026 07:00:00,01/13/2026 13:00:00,SOONER_SONR_SONR_PHSHFT_PS,MCE,,BREACHED,0.0000,PS SOONER - SOONER,BASE,BASE
01/13/2026 07:00:00,01/13/2026 13:00:00,TEMP76_32162,FG,32162,BINDING,-163.9818,XFMR DUNCAN - DUNCAN,WFEC:PAYNE_WF PAOLI2:138:1:9,19871
01/13/2026 07:00:00,01/13/2026 13:00:00,TEMP82_22539,FG,22539,BINDING,-45.4145,LN SHAYS - MULGRE2,WR MIDW:SUMM WR_SMKHL:230:1:5,625
01/13/2026 07:00:00,01/13/2026 13:00:00,TMP100_23510,FG,23510,BINDING,-51.0823,LN COOPER - ST_JOE,NPPD AECI MPS:COOPER FAIRPORT ST_J,2623
01/13/2026 07:00:00,01/13/2026 13:00:00,TMP116_25168,FG,25168,BINDING,-42.5137,LN COOPER - ST_JOE,MPS:SIBLEY KETCHEM:345:1:13,12676
01/13/2026 07:00:00,01/13/2026 13:00:00,TMP122_26551,FG,26551,BINDING,-5.5268,LN WR_SMKHL - SUMM,SECI MIDW:MULGRE2 SHAYS:230:1:9,12487
01/13/2026 07:00:00,01/13/2026 13:00:00,TMP128_29363,FG,29363,BINDING,-98.0884,LN RUSSETT - SBROWN,OKGE:BROWN2 BODLE CANEY1:138:7:34,333
01/13/2026 07:00:00,01/13/2026 13:00:00,TMP246_28141,FG,28141,BINDING,-514.5814,LN AUR1241 - RDSPG5,CSWS SPA:EUREKASP EURK_SPA BEAVER1,32502
01/13/2026 07:00:00,01/13/2026 13:00:00,TMP266_27514,FG,27514,BINDING,-55.1970,XFMR FRANKLN5 - FRANKLN5,WR:FRANKLN5 LITC:161:1:8,8767
01/13/2026 07:00:00,01/13/2026 13:00:00,TMP364_1068,FG,1068,BINDING,-401.5231,LN WILMSBRG - MONT_CTY,AMRN:BURN2 MTGY:345:1:8,14559
01/13/2026 07:00:00,01/13/2026 13:00:00,TMP529_25564,FG,25564,BINDING,-1.0556,LN PTRBRG_N - PETRSBG,NPPD:HOSKINS ANTELOP3:345:1:21,CON965
01/13/2026 07:00:00,01/13/2026 13:00:00,TMP667_32554,FG,32554,BINDING,-62.1727,LN LITC - ASB3491,EDE WR:RAM452 NSES:161:1:5,7054
01/13/2026 07:00:00,01/13/2026 13:00:00,TMP758_28735,FG,28735,BINDING,-58.2567,XFMR NSES - NSES,WR:N345 NSES:345 161 13.8:4:11,11820
01/13/2026 08:00:00,01/13/2026 14:00:00,11043A_LN@LEX1611<12128>,MA,,BINDING,58.8310,LN LEX1611 - RICHMN2,MPS AMRN:SIBLEY OVER:345:2:9,12128
01/13/2026 08:00:00,01/13/2026 14:00:00,BLMFLD_CROFTONA_LN@CROFTON<BASE>,MA,,BINDING,-0.7783,LN CROFTON - BLMFLD,BASE,BASE
01/13/2026 08:00:00,01/13/2026 14:00:00,NASXFRNASHAW,FG,5577,BINDING,-136.8819,XFMR NASHUA - NASHUA,KCPL:NASHUA SHALE:345:1:11,25948
01/13/2026 08:00:00,01/13/2026 14:00:00,SOONER_SONR_SONR_PHSHFT_PS,MCE,,BREACHED,0.0000,PS SOONER - SOONER,BASE,BASE
01/13/2026 08:00:00,01/13/2026 14:00:00,TEMP76_32162,FG,32162,BINDING,-103.8136,XFMR DUNCAN - DUNCAN,WFEC:PAYNE_WF PAOLI2:138:1:9,19871
01/13/2026 08:00:00,01/13/2026 14:00:00,TEMP82_22539,FG,22539,BINDING,-50.0387,LN SHAYS - MULGRE2,WR MIDW:SUMM WR_SMKHL:230:1:5,625
01/13/2026 08:00:00,01/13/2026 14:00:00,TMP116_25168,FG,25168,BINDING,-55.6187,LN COOPER - ST_JOE,MPS:SIBLEY KETCHEM:345:1:13,12676
01/13/2026 08:00:00,01/13/2026 14:00:00,TMP122_26551,FG,26551,BINDING,-5.0570,LN WR_SMKHL - SUMM,SECI MIDW:MULGRE2 SHAYS:230:1:9,12487
01/13/2026 08:00:00,01/13/2026 14:00:00,TMP128_29363,FG,29363,BINDING,-96.4549,LN RUSSETT - SBROWN,OKGE:BROWN2 BODLE CANEY1:138:7:34,333
01/13/2026 08:00:00,01/13/2026 14:00:00,TMP246_28141,FG,28141,BINDING,-492.9088,LN AUR1241 - RDSPG5,CSWS SPA:EUREKASP EURK_SPA BEAVER1,32502
01/13/2026 08:00:00,01/13/2026 14:00:00,TMP266_27514,FG,27514,BINDING,-47.1913,XFMR FRANKLN5 - FRANKLN5,WR:FRANKLN5 LITC:161:1:8,8767
01/13/2026 08:00:00,01/13/2026 14:00:00,TMP364_1068,FG,1068,BINDING,-8.0807,LN WILMSBRG - MONT_CTY,AMRN:BURN2 MTGY:345:1:8,14559
01/13/2026 08:00:00,01/13/2026 14:00:00,TMP529_25564,FG,25564,BINDING,-10.3395,LN PTRBRG_N - PETRSBG,NPPD:HOSKINS ANTELOP3:345:1:21,CON965
01/13/2026 08:00:00,01/13/2026 14:00:00,TMP667_32554,FG,32554,BINDING,-52.2670,LN LITC - ASB3491,EDE WR:RAM452 NSES:161:1:5,7054
01/13/2026 08:00:00,01/13/2026 14:00:00,TMP714_32501,FG,32501,BINDING,-10.8632,XFMR KELLY - KELLY,NPPD:COLMBS_E SHELLCRK:345:1:11,5982
01/13/2026 08:00:00,01/13/2026 14:00:00,TMP758_28735,FG,28735,BINDING,-100.7600,XFMR NSES - NSES,WR:N345 NSES:345 161 13.8:4:11,11820
01/13/2026 09:00:00,01/13/2026 15:00:00,11043A_LN@LEX1611<12128>,MA,,BINDING,76.2354,LN LEX1611 - RICHMN2,MPS AMRN:SIBLEY OVER:345:2:9,12128
01/13/2026 09:00:00,01/13/2026 15:00:00,BLMFLD_CROFTONA_LN@CROFTON<BASE>,MA,,BINDING,-0.8743,LN CROFTON - BLMFLD,BASE,BASE
01/13/2026 09:00:00,01/13/2026 15:00:00,DEVAUNSALE11_11_LN@DEVAUL<BASE>,MA,,BINDING,0.5427,LN DEVAUL - NSALEM,BASE,BASE
01/13/2026 09:00:00,01/13/2026 15:00:00,GRNBUR_GRBNIN3A_LN@GRNBUR1<7250>,MA,,BINDING,13.8848,LN GRNBUR1 - GRB_NIN3,SECI:CLARKCO SADDLE7:345:1:10,7250
01/13/2026 09:00:00,01/13/2026 15:00:00,KNOB_MARSHAL3A_LN@KNOB<10512>,MA,,BINDING,-18.4433,LN KNOB - MARSHAL3,WR OPPD:KELL SUB1399 TECH:161:2:11,10512
01/13/2026 09:00:00,01/13/2026 15:00:00,NASXFRNASHAW,FG,5577,BINDING,-117.3759,XFMR NASHUA - NASHUA,KCPL:NASHUA SHALE:345:1:11,25948
01/13/2026 09:00:00,01/13/2026 15:00:00,SOONER_SONR_SONR_PHSHFT_PS,MCE,,BREACHED,0.0000,PS SOONER - SOONER,BASE,BASE
01/13/2026 09:00:00,01/13/2026 15:00:00,TEMP76_32162,FG,32162,BINDING,-59.1715,XFMR DUNCAN - DUNCAN,WFEC:PAYNE_WF PAOLI2:138:1:9,19871
01/13/2026 09:00:00,01/13/2026 15:00:00,TEMP82_22539,FG,22539,BINDING,-73.7063,LN SHAYS - MULGRE2,WR MIDW:SUMM WR_SMKHL:230:1:5,625
01/13/2026 09:00:00,01/13/2026 15:00:00,TMP100_23510,FG,23510,BINDING,-45.1172,LN COOPER - ST_JOE,NPPD AECI MPS:COOPER FAIRPORT ST_J,2623
01/13/2026 09:00:00,01/13/2026 15:00:00,TMP128_29363,FG,29363,BINDING,-31.6284,LN RUSSETT - SBROWN,OKGE:BROWN2 BODLE CANEY1:138:7:34,333
01/13/2026 09:00:00,01/13/2026 15:00:00,TMP187_32585,FG,32585,BINDING,-430.3500,LN CARGILL - PARMER_C,SPS:TOLKSUB ROOSEVE2:230:1:9:1X,14689
01/13/2026 09:00:00,01/13/2026 15:00:00,TMP246_28141,FG,28141,BINDING,-302.7896,LN AUR1241 - RDSPG5,CSWS SPA:EUREKASP EURK_SPA BEAVER1,32502
01/13/2026 09:00:00,01/13/2026 15:00:00,TMP529_25564,FG,25564,BINDING,-11.0643,LN PTRBRG_N - PETRSBG,NPPD:HOSKINS ANTELOP3:345:1:21,CON965
01/13/2026 09:00:00,01/13/2026 15:00:00,TMP667_32554,FG,32554,BINDING,-19.7111,LN LITC - ASB3491,EDE WR:RAM452 NSES:161:1:5,7054
01/13/2026 09:00:00,01/13/2026 15:00:00,TMP706_32482,FG,32482,BINDING,-10.0899,LN CRAIG - LENEXA,KCPL:WOODLAN CRAIG:161:1:10,15934
01/13/2026 09:00:00,01/13/2026 15:00:00,TMP714_32501,FG,32501,BINDING,-12.6396,XFMR KELLY - KELLY,NPPD:COLMBS_E SHELLCRK:345:1:11,5982
01/13/2026 10:00:00,01/13/2026 16:00:00,1104T1_161/69_XF@LEX1611<27815>,MA,,BINDING,-154.4953,XFMR LEX1611 - LEX1611,MPS:ODESSA1 LEX1611:161:1:9,27815
01/13/2026 10:00:00,01/13/2026 16:00:00,BLMFLD_CROFTONA_LN@CROFTON<BASE>,MA,,BINDING,-4.5168,LN CROFTON - BLMFLD,BASE,BASE
01/13/2026 10:00:00,01/13/2026 16:00:00,KNOB_MARSHAL3A_LN@KNOB<10512>,MA,,BINDING,-7.0565,LN KNOB - MARSHAL3,WR OPPD:KELL SUB1399 TECH:161:2:11,10512
01/13/2026 10:00:00,01/13/2026 16:00:00,NASXFRNASHAW,FG,5577,BINDING,-56.0970,XFMR NASHUA - NASHUA,KCPL:NASHUA SHALE:345:1:11,25948
01/13/2026 10:00:00,01/13/2026 16:00:00,SOONER_SONR_SONR_PHSHFT_PS,MCE,,BREACHED,0.0000,PS SOONER - SOONER,BASE,BASE
01/13/2026 10:00:00,01/13/2026 16:00:00,SUMMIT_ROBERTS1_LN@SUMMITW<CON4559>,MA,,BINDING,-5.0692,LN SUMMITW - BOBS_CO,WAUE:JAMESTN VALLEYC:115:1:4,CON4559
01/13/2026 10:00:00,01/13/2026 16:00:00,TEMP76_32162,FG,32162,BINDING,-14.9730,XFMR DUNCAN - DUNCAN,WFEC:PAYNE_WF PAOLI2:138:1:9,19871
01/13/2026 10:00:00,01/13/2026 16:00:00,TEMP82_22539,FG,22539,BINDING,-73.5526,LN SHAYS - MULGRE2,WR MIDW:SUMM WR_SMKHL:230:1:5,625
01/13/2026 10:00:00,01/13/2026 16:00:00,TMP100_23510,FG,23510,BINDING,-73.5625,LN COOPER - ST_JOE,NPPD AECI MPS:COOPER FAIRPORT ST_J,2623
01/13/2026 10:00:00,01/13/2026 16:00:00,TMP187_32585,FG,32585,BINDING,-93.5335,LN CARGILL - PARMER_C,SPS:TOLKSUB ROOSEVE2:230:1:9:1X,14689
01/13/2026 10:00:00,01/13/2026 16:00:00,TMP246_28141,FG,28141,BINDING,-205.5751,LN AUR1241 - RDSPG5,CSWS SPA:EUREKASP EURK_SPA BEAVER1,32502
01/13/2026 10:00:00,01/13/2026 16:00:00,TMP529_25564,FG,25564,BINDING,-8.1132,LN PTRBRG_N - PETRSBG,NPPD:HOSKINS ANTELOP3:345:1:21,CON965
01/13/2026 10:00:00,01/13/2026 16:00:00,TMP714_32501,FG,32501,BINDING,-6.2972,XFMR KELLY - KELLY,NPPD:COLMBS_E SHELLCRK:345:1:11,5982
01/13/2026 11:00:00,01/13/2026 17:00:00,1104T1_161/69_XF@LEX1611<27815>,MA,,BINDING,-150.5554,XFMR LEX1611 - LEX1611,MPS:ODESSA1 LEX1611:161:1:9,27815
01/13/2026 11:00:00,01/13/2026 17:00:00,BLMFLD_CROFTONA_LN@CROFTON<BASE>,MA,,BINDING,-1.2085,LN CROFTON - BLMFLD,BASE,BASE
01/13/2026 11:00:00,01/13/2026 17:00:00,KNOB_MARSHAL3A_LN@KNOB<10512>,MA,,BINDING,-3.8339,LN KNOB - MARSHAL3,WR OPPD:KELL SUB1399 TECH:161:2:11,10512
01/13/2026 11:00:00,01/13/2026 17:00:00,S975_S1398A_LN@SUB1398<10512>,MA,,BINDING,-9.8528,LN SUB1398 - SUB975,WR OPPD:KELL SUB1399 TECH:161:2:11,10512
01/13/2026 11:00:00,01/13/2026 17:00:00,SOONER_SONR_SONR_PHSHFT_PS,MCE,,BREACHED,0.0000,PS SOONER - SOONER,BASE,BASE
01/13/2026 11:00:00,01/13/2026 17:00:00,TEMP82_22539,FG,22539,BINDING,-72.8405,LN SHAYS - MULGRE2,WR MIDW:SUMM WR_SMKHL:230:1:5,625
01/13/2026 11:00:00,01/13/2026 17:00:00,TMP100_23510,FG,23510,BINDING,-97.5828,LN COOPER - ST_JOE,NPPD AECI MPS:COOPER FAIRPORT ST_J,2623
01/13/2026 11:00:00,01/13/2026 17:00:00,TMP117_32157,FG,32157,BINDING,-10.2505,XFMR GRNDFKS - GRNDFKS,OTP:PRAIRIE2 LKARDOCH DRAYTON:230:,17261
01/13/2026 11:00:00,01/13/2026 17:00:00,TMP187_32585,FG,32585,BINDING,-24.0055,LN CARGILL - PARMER_C,SPS:TOLKSUB ROOSEVE2:230:1:9:1X,14689
01/13/2026 11:00:00,01/13/2026 17:00:00,TMP246_28141,FG,28141,BINDING,-95.3513,LN AUR1241 - RDSPG5,CSWS SPA:EUREKASP EURK_SPA BEAVER1,32502
01/13/2026 11:00:00,01/13/2026 17:00:00,TMP529_25564,FG,25564,BINDING,-17.8688,LN PTRBRG_N - PETRSBG,NPPD:HOSKINS ANTELOP3:345:1:21,CON965
01/13/2026 11:00:00,01/13/2026 17:00:00,TMP714_32501,FG,32501,BINDING,-17.2412,XFMR KELLY - KELLY,NPPD:COLMBS_E SHELLCRK:345:1:11,5982
01/13/2026 12:00:00,01/13/2026 18:00:00,11043A_LN@LEX1611<12128>,MA,,BINDING,52.7409,LN LEX1611 - RICHMN2,MPS AMRN:SIBLEY OVER:345:2:9,12128
01/13/2026 12:00:00,01/13/2026 18:00:00,1104T1_161/69_XF@LEX1611<27815>,MA,,BINDING,-132.3485,XFMR LEX1611 - LEX1611,MPS:ODESSA1 LEX1611:161:1:9,27815
01/13/2026 12:00:00,01/13/2026 18:00:00,BLMFLD_CROFTONA_LN@CROFTON<BASE>,MA,,BINDING,-6.6164,LN CROFTON - BLMFLD,BASE,BASE
01/13/2026 12:00:00,01/13/2026 18:00:00,KNOB_MARSHAL3A_LN@KNOB<10512>,MA,,BINDING,-51.6628,LN KNOB - MARSHAL3,WR OPPD:KELL SUB1399 TECH:161:2:11,10512
01/13/2026 12:00:00,01/13/2026 18:00:00,KNONHAPOSSHA,FG,5527,BINDING,-75.3653,LN KNOLL1 - NHAYS,MIDW:POSTROCK SHAYS:230:1:7,5132
01/13/2026 12:00:00,01/13/2026 18:00:00,NASHUA_ST_JOEA_LN@NASHUA<81>,MA,,BINDING,6.5631,LN NASHUA - ST_JOE,KCPL MPS:IATAN EASTTOWN:345:1:11,81
01/13/2026 12:00:00,01/13/2026 18:00:00,S1399_S1398A_LN@SUB1398<10512>,MA,,BINDING,11.0721,LN SUB1398 - SUB1399,WR OPPD:KELL SUB1399 TECH:161:2:11,10512
01/13/2026 12:00:00,01/13/2026 18:00:00,SOONER_SONR_SONR_PHSHFT_PS,MCE,,BREACHED,0.0000,PS SOONER - SOONER,BASE,BASE
01/13/2026 12:00:00,01/13/2026 18:00:00,SUMMIT_ROBERTS1_LN@SUMMITW<CON4559>,MA,,BINDING,-7.2205,LN SUMMITW - BOBS_CO,WAUE:JAMESTN VALLEYC:115:1:4,CON4559
01/13/2026 12:00:00,01/13/2026 18:00:00,TEMP82_22539,FG,22539,BINDING,-53.2788,LN SHAYS - MULGRE2,WR MIDW:SUMM WR_SMKHL:230:1:5,625
01/13/2026 12:00:00,01/13/2026 18:00:00,TMP100_23510,FG,23510,BINDING,-84.1099,LN COOPER - ST_JOE,NPPD AECI MPS:COOPER FAIRPORT ST_J,2623
01/13/2026 12:00:00,01/13/2026 18:00:00,TMP117_32157,FG,32157,BINDING,-15.1175,XFMR GRNDFKS - GRNDFKS,OTP:PRAIRIE2 LKARDOCH DRAYTON:230:,17261
01/13/2026 12:00:00,01/13/2026 18:00:00,TMP187_32585,FG,32585,BINDING,-9.0991,LN CARGILL - PARMER_C,SPS:TOLKSUB ROOSEVE2:230:1:9:1X,14689
01/13/2026 12:00:00,01/13/2026 18:00:00,TMP529_25564,FG,25564,BINDING,-9.0561,LN PTRBRG_N - PETRSBG,NPPD:HOSKINS ANTELOP3:345:1:21,CON965
01/13/2026 12:00:00,01/13/2026 18:00:00,TMP714_32501,FG,32501,BINDING,-1.0352,XFMR KELLY - KELLY,NPPD:COLMBS_E SHELLCRK:345:1:11,5982
01/13/2026 13:00:00,01/13/2026 19:00:00,1104T1_161/69_XF@LEX1611<27815>,MA,,BINDING,-144.3652,XFMR LEX1611 - LEX1611,MPS:ODESSA1 LEX1611:161:1:9,27815
01/13/2026 13:00:00,01/13/2026 19:00:00,DEVAUNSALE11_11_LN@DEVAUL<BASE>,MA,,BINDING,2.2203,LN DEVAUL - NSALEM,BASE,BASE
01/13/2026 13:00:00,01/13/2026 19:00:00,KNOB_MARSHAL3A_LN@KNOB<10512>,MA,,BINDING,-41.7670,LN KNOB - MARSHAL3,WR OPPD:KELL SUB1399 TECH:161:2:11,10512
01/13/2026 13:00:00,01/13/2026 19:00:00,KNONHAPOSSHA,FG,5527,BINDING,-110.0429,LN KNOLL1 - NHAYS,MIDW:POSTROCK SHAYS:230:1:7,5132
01/13/2026 13:00:00,01/13/2026 19:00:00,NASHUA_ST_JOEA_LN@NASHUA<81>,MA,,BINDING,1.6109,LN NASHUA - ST_JOE,KCPL MPS:IATAN EASTTOWN:345:1:11,81
01/13/2026 13:00:00,01/13/2026 19:00:00,S1399_S1398A_LN@SUB1398<10512>,MA,,BINDING,8.9055,LN SUB1398 - SUB1399,WR OPPD:KELL SUB1399 TECH:161:2:11,10512
01/13/2026 13:00:00,01/13/2026 19:00:00,SOONER_SONR_SONR_PHSHFT_PS,MCE,,BREACHED,0.0000,PS SOONER - SOONER,BASE,BASE
01/13/2026 13:00:00,01/13/2026 19:00:00,TEMP82_22539,FG,22539,BINDING,-46.9949,LN SHAYS - MULGRE2,WR MIDW:SUMM WR_SMKHL:230:1:5,625
01/13/2026 13:00:00,01/13/2026 19:00:00,TMP100_23510,FG,23510,BINDING,-80.5734,LN COOPER - ST_JOE,NPPD AECI MPS:COOPER FAIRPORT ST_J,2623
01/13/2026 13:00:00,01/13/2026 19:00:00,TMP117_32157,FG,32157,BINDING,-14.1637,XFMR GRNDFKS - GRNDFKS,OTP:PRAIRIE2 LKARDOCH DRAYTON:230:,17261
01/13/2026 13:00:00,01/13/2026 19:00:00,TMP529_25564,FG,25564,BINDING,-16.7399,LN PTRBRG_N - PETRSBG,NPPD:HOSKINS ANTELOP3:345:1:21,CON965
01/13/2026 14:00:00,01/13/2026 20:00:00,BLMFLD_CROFTONA_LN@CROFTON<BASE>,MA,,BINDING,-0.6759,LN CROFTON - BLMFLD,BASE,BASE
01/13/2026 14:00:00,01/13/2026 20:00:00,DEVAUNSALE11_11_LN@DEVAUL<BASE>,MA,,BINDING,4.1195,LN DEVAUL - NSALEM,BASE,BASE
01/13/2026 14:00:00,01/13/2026 20:00:00,KNOB_MARSHAL3A_LN@KNOB<10512>,MA,,BINDING,-27.9758,LN KNOB - MARSHAL3,WR OPPD:KELL SUB1399 TECH:161:2:11,10512
01/13/2026 14:00:00,01/13/2026 20:00:00,KNONHAPOSSHA,FG,5527,BINDING,-84.8017,LN KNOLL1 - NHAYS,MIDW:POSTROCK SHAYS:230:1:7,5132
01/13/2026 14:00:00,01/13/2026 20:00:00,NASHUA_ST_JOEA_LN@NASHUA<81>,MA,,BINDING,5.4756,LN NASHUA - ST_JOE,KCPL MPS:IATAN EASTTOWN:345:1:11,81
01/13/2026 14:00:00,01/13/2026 20:00:00,S1399_S1398A_LN@SUB1398<10512>,MA,,BINDING,10.3073,LN SUB1398 - SUB1399,WR OPPD:KELL SUB1399 TECH:161:2:11,10512
01/13/2026 14:00:00,01/13/2026 20:00:00,SOONER_SONR_SONR_PHSHFT_PS,MCE,,BREACHED,0.0000,PS SOONER - SOONER,BASE,BASE
01/13/2026 14:00:00,01/13/2026 20:00:00,TEMP82_22539,FG,22539,BINDING,-51.3941,LN SHAYS - MULGRE2,WR MIDW:SUMM WR_SMKHL:230:1:5,625
01/13/2026 14:00:00,01/13/2026 20:00:00,TMP100_23510,FG,23510,BINDING,-82.7203,LN COOPER - ST_JOE,NPPD AECI MPS:COOPER FAIRPORT ST_J,2623
01/13/2026 14:00:00,01/13/2026 20:00:00,TMP117_32157,FG,32157,BINDING,-15.3627,XFMR GRNDFKS - GRNDFKS,OTP:PRAIRIE2 LKARDOCH DRAYTON:230:,17261
01/13/2026 14:00:00,01/13/2026 20:00:00,TMP221_28668,FG,28668,BINDING,-8.2829,XFMR BELFELD - BELFELD,WAUE:BELFELD XF KU1A3:345 230 13.8,22236
01/13/2026 14:00:00,01/13/2026 20:00:00,TMP529_25564,FG,25564,BINDING,-12.2845,LN PTRBRG_N - PETRSBG,NPPD:HOSKINS ANTELOP3:345:1:21,CON965
01/13/2026 15:00:00,01/13/2026 21:00:00,BLMFLD_CROFTONA_LN@CROFTON<BASE>,MA,,BINDING,-6.6125,LN CROFTON - BLMFLD,BASE,BASE
01/13/2026 15:00:00,01/13/2026 21:00:00,DEVAUNSALE11_11_LN@DEVAUL<BASE>,MA,,BINDING,0.9890,LN DEVAUL - NSALEM,BASE,BASE
01/13/2026 15:00:00,01/13/2026 21:00:00,KNOB_MARSHAL3A_LN@KNOB<10512>,MA,,BINDING,-38.1933,LN KNOB - MARSHAL3,WR OPPD:KELL SUB1399 TECH:161:2:11,10512
01/13/2026 15:00:00,01/13/2026 21:00:00,KNONHAPOSSHA,FG,5527,BINDING,-116.9650,LN KNOLL1 - NHAYS,MIDW:POSTROCK SHAYS:230:1:7,5132
01/13/2026 15:00:00,01/13/2026 21:00:00,NASHUA_ST_JOEA_LN@NASHUA<81>,MA,,BINDING,3.4854,LN NASHUA - ST_JOE,KCPL MPS:IATAN EASTTOWN:345:1:11,81
01/13/2026 15:00:00,01/13/2026 21:00:00,S975_S1398A_LN@SUB1398<10512>,MA,,BINDING,-10.1961,LN SUB1398 - SUB975,WR OPPD:KELL SUB1399 TECH:161:2:11,10512
01/13/2026 15:00:00,01/13/2026 21:00:00,SOONER_SONR_SONR_PHSHFT_PS,MCE,,BREACHED,0.0000,PS SOONER - SOONER,BASE,BASE
01/13/2026 15:00:00,01/13/2026 21:00:00,TEMP82_22539,FG,22539,BINDING,-45.8457,LN SHAYS - MULGRE2,WR MIDW:SUMM WR_SMKHL:230:1:5,625
01/13/2026 15:00:00,01/13/2026 21:00:00,TMP100_23510,FG,23510,BINDING,-71.8359,LN COOPER - ST_JOE,NPPD AECI MPS:COOPER FAIRPORT ST_J,2623
01/13/2026 15:00:00,01/13/2026 21:00:00,TMP117_32157,FG,32157,BINDING,-9.3443,XFMR GRNDFKS - GRNDFKS,OTP:PRAIRIE2 LKARDOCH DRAYTON:230:,17261
01/13/2026 15:00:00,01/13/2026 21:00:00,TMP221_28668,FG,28668,BINDING,-7.5505,XFMR BELFELD - BELFELD,WAUE:BELFELD XF KU1A3:345 230 13.8,22236
01/13/2026 15:00:00,01/13/2026 21:00:00,TMP529_25564,FG,25564,BINDING,-12.7877,LN PTRBRG_N - PETRSBG,NPPD:HOSKINS ANTELOP3:345:1:21,CON965
01/13/2026 15:00:00,01/13/2026 21:00:00,TMP714_32501,FG,32501,BINDING,-0.4364,XFMR KELLY - KELLY,NPPD:COLMBS_E SHELLCRK:345:1:11,5982
01/13/2026 15:00:00,01/13/2026 21:00:00,TMP721_29543,FG,29543,BINDING,-14.3192,LN WEMP - VAUG,WR:WICH BURN:345:1:10,16323
01/13/2026 16:00:00,01/13/2026 22:00:00,CROFTON_BLMFLD_CROFTON_A_LN,MCE,,BINDING,-8.2205,LN CROFTON - BLMFLD,BASE,BASE
01/13/2026 16:00:00,01/13/2026 22:00:00,KNOB_MARSHAL3A_LN@KNOB<10512>,MA,,BINDING,-44.3069,LN KNOB - MARSHAL3,WR OPPD:KELL SUB1399 TECH:161:2:11,10512
01/13/2026 16:00:00,01/13/2026 22:00:00,KNONHAPOSSHA,FG,5527,BINDING,-116.8954,LN KNOLL1 - NHAYS,MIDW:POSTROCK SHAYS:230:1:7,5132
01/13/2026 16:00:00,01/13/2026 22:00:00,S1399_S1398A_LN@SUB1398<10512>,MA,,BINDING,9.5858,LN SUB1398 - SUB1399,WR OPPD:KELL SUB1399 TECH:161:2:11,10512
01/13/2026 16:00:00,01/13/2026 22:00:00,SOONER_SONR_SONR_PHSHFT_PS,MCE,,BREACHED,0.0000,PS SOONER - SOONER,BASE,BASE
01/13/2026 16:00:00,01/13/2026 22:00:00,TEMP82_22539,FG,22539,BINDING,-33.1263,LN SHAYS - MULGRE2,WR MIDW:SUMM WR_SMKHL:230:1:5,625
01/13/2026 16:00:00,01/13/2026 22:00:00,TMP100_23510,FG,23510,BINDING,-56.3571,LN COOPER - ST_JOE,NPPD AECI MPS:COOPER FAIRPORT ST_J,2623
01/13/2026 16:00:00,01/13/2026 22:00:00,TMP117_32157,FG,32157,BINDING,-13.4885,XFMR GRNDFKS - GRNDFKS,OTP:PRAIRIE2 LKARDOCH DRAYTON:230:,17261
01/13/2026 16:00:00,01/13/2026 22:00:00,TMP187_32585,FG,32585,BINDING,-7.5894,LN CARGILL - PARMER_C,SPS:TOLKSUB ROOSEVE2:230:1:9:1X,14689
01/13/2026 16:00:00,01/13/2026 22:00:00,TMP221_28668,FG,28668,BINDING,-7.2548,XFMR BELFELD - BELFELD,WAUE:BELFELD XF KU1A3:345 230 13.8,22236
01/13/2026 16:00:00,01/13/2026 22:00:00,TMP529_25564,FG,25564,BINDING,-17.5414,LN PTRBRG_N - PETRSBG,NPPD:HOSKINS ANTELOP3:345:1:21,CON965
01/13/2026 16:00:00,01/13/2026 22:00:00,TMP714_32501,FG,32501,BINDING,-0.9857,XFMR KELLY - KELLY,NPPD:COLMBS_E SHELLCRK:345:1:11,5982
01/13/2026 16:00:00,01/13/2026 22:00:00,TMP721_29543,FG,29543,BINDING,-10.7323,LN WEMP - VAUG,WR:WICH BURN:345:1:10,16323
01/13/2026 17:00:00,01/13/2026 23:00:00,CROFTON_BLMFLD_CROFTON_A_LN,MCE,,BINDING,-7.1678,LN CROFTON - BLMFLD,BASE,BASE
01/13/2026 17:00:00,01/13/2026 23:00:00,KNOB_MARSHAL3A_LN@KNOB<10512>,MA,,BINDING,-30.7092,LN KNOB - MARSHAL3,WR OPPD:KELL SUB1399 TECH:161:2:11,10512
01/13/2026 17:00:00,01/13/2026 23:00:00,KNONHAPOSSHA,FG,5527,BINDING,-122.7129,LN KNOLL1 - NHAYS,MIDW:POSTROCK SHAYS:230:1:7,5132
01/13/2026 17:00:00,01/13/2026 23:00:00,KY2BKY2B_XF@GRNDFKS<24739>,MA,,BINDING,6.1176,XFMR GRNDFKS - GRNDFKS,WAUE:GRNDFKS XF KV1A3:230 115 12.5,24739
01/13/2026 17:00:00,01/13/2026 23:00:00,S1399_S1398A_LN@SUB1398<10512>,MA,,BINDING,12.8463,LN SUB1398 - SUB1399,WR OPPD:KELL SUB1399 TECH:161:2:11,10512
01/13/2026 17:00:00,01/13/2026 23:00:00,SOONER_SONR_SONR_PHSHFT_PS,MCE,,BREACHED,0.0000,PS SOONER - SOONER,BASE,BASE
01/13/2026 17:00:00,01/13/2026 23:00:00,TEMP82_22539,FG,22539,BINDING,-47.8549,LN SHAYS - MULGRE2,WR MIDW:SUMM WR_SMKHL:230:1:5,625
01/13/2026 17:00:00,01/13/2026 23:00:00,TMP100_23510,FG,23510,BINDING,-52.8788,LN COOPER - ST_JOE,NPPD AECI MPS:COOPER FAIRPORT ST_J,2623
01/13/2026 17:00:00,01/13/2026 23:00:00,TMP221_28668,FG,28668,BINDING,-2.2686,XFMR BELFELD - BELFELD,WAUE:BELFELD XF KU1A3:345 230 13.8,22236
01/13/2026 17:00:00,01/13/2026 23:00:00,TMP529_25564,FG,25564,BINDING,-26.8640,LN PTRBRG_N - PETRSBG,NPPD:HOSKINS ANTELOP3:345:1:21,CON965
01/13/2026 17:00:00,01/13/2026 23:00:00,TMP721_29543,FG,29543,BINDING,-52.8766,LN WEMP - VAUG,WR:WICH BURN:345:1:10,16323
01/13/2026 18:00:00,01/14/2026 00:00:00,DRIFTSAND_LINEA_LN@DRFTSND4<BASE>,MA,,BINDING,-8.2824,LN DRFTSND4 - SANTAFE4,BASE,BASE
01/13/2026 18:00:00,01/14/2026 00:00:00,KNOB_MARSHAL3A_LN@KNOB<10512>,MA,,BINDING,-39.2428,LN KNOB - MARSHAL3,WR OPPD:KELL SUB1399 TECH:161:2:11,10512
01/13/2026 18:00:00,01/14/2026 00:00:00,KNONHAPOSSHA,FG,5527,BINDING,-112.6268,LN KNOLL1 - NHAYS,MIDW:POSTROCK SHAYS:230:1:7,5132
01/13/2026 18:00:00,01/14/2026 00:00:00,NASXFRNASHAW,FG,5577,BINDING,-10.4150,XFMR NASHUA - NASHUA,KCPL:NASHUA SHALE:345:1:11,25948
01/13/2026 18:00:00,01/14/2026 00:00:00,NPLSTOGTLRED,FG,5348,BINDING,-69.1237,LN N_PLT1 - STOCKVL,NPPD:REDWLO1 G_GENT1:345:1:13,19660
01/13/2026 18:00:00,01/14/2026 00:00:00,S975_S1398A_LN@SUB1398<10512>,MA,,BINDING,-14.4583,LN SUB1398 - SUB975,WR OPPD:KELL SUB1399 TECH:161:2:11,10512
01/13/2026 18:00:00,01/14/2026 00:00:00,SOONER_SONR_SONR_PHSHFT_PS,MCE,,BREACHED,0.0000,PS SOONER - SOONER,BASE,BASE
01/13/2026 18:00:00,01/14/2026 00:00:00,TEMP82_22539,FG,22539,BINDING,-67.1104,LN SHAYS - MULGRE2,WR MIDW:SUMM WR_SMKHL:230:1:5,625
01/13/2026 18:00:00,01/14/2026 00:00:00,TMP100_23510,FG,23510,BINDING,-49.6379,LN COOPER - ST_JOE,NPPD AECI MPS:COOPER FAIRPORT ST_J,2623
01/13/2026 18:00:00,01/14/2026 00:00:00,TMP221_28668,FG,28668,BINDING,-3.1581,XFMR BELFELD - BELFELD,WAUE:BELFELD XF KU1A3:345 230 13.8,22236
01/13/2026 18:00:00,01/14/2026 00:00:00,TMP529_25564,FG,25564,BINDING,-32.1299,LN PTRBRG_N - PETRSBG,NPPD:HOSKINS ANTELOP3:345:1:21,CON965
01/13/2026 18:00:00,01/14/2026 00:00:00,TMP721_29543,FG,29543,BINDING,-255.0261,LN WEMP - VAUG,WR:WICH BURN:345:1:10,16323
01/13/2026 18:00:00,01/14/2026 00:00:00,TMP777_28815,FG,28815,BINDING,-49.3808,LN FIRSTCRK - ROANRDGE,KCPL:NASHUA SHALE:345:1:11,25948
01/13/2026 19:00:00,01/14/2026 01:00:00,1104T1_161/69_XF@LEX1611<27815>,MA,,BINDING,-38.7780,XFMR LEX1611 - LEX1611,MPS:ODESSA1 LEX1611:161:1:9,27815
01/13/2026 19:00:00,01/14/2026 01:00:00,BLMFLD_CROFTONA_LN@CROFTON<BASE>,MA,,BINDING,-6.3519,LN CROFTON - BLMFLD,BASE,BASE
01/13/2026 19:00:00,01/14/2026 01:00:00,DRIFTSAND_LINEA_LN@DRFTSND4<BASE>,MA,,BINDING,-18.5064,LN DRFTSND4 - SANTAFE4,BASE,BASE
01/13/2026 19:00:00,01/14/2026 01:00:00,KNOB_MARSHAL3A_LN@KNOB<10512>,MA,,BINDING,-16.4228,LN KNOB - MARSHAL3,WR OPPD:KELL SUB1399 TECH:161:2:11,10512
01/13/2026 19:00:00,01/14/2026 01:00:00,NASXFRNASHAW,FG,5577,BINDING,-20.3528,XFMR NASHUA - NASHUA,KCPL:NASHUA SHALE:345:1:11,25948
01/13/2026 19:00:00,01/14/2026 01:00:00,S1399_S1398A_LN@SUB1398<10512>,MA,,BINDING,6.0006,LN SUB1398 - SUB1399,WR OPPD:KELL SUB1399 TECH:161:2:11,10512
01/13/2026 19:00:00,01/14/2026 01:00:00,SOONER_SONR_SONR_PHSHFT_PS,MCE,,BREACHED,0.0000,PS SOONER - SOONER,BASE,BASE
01/13/2026 19:00:00,01/14/2026 01:00:00,TEMP82_22539,FG,22539,BINDING,-125.2374,LN SHAYS - MULGRE2,WR MIDW:SUMM WR_SMKHL:230:1:5,625
01/13/2026 19:00:00,01/14/2026 01:00:00,TMP116_25168,FG,25168,BINDING,-27.9870,LN COOPER - ST_JOE,MPS:SIBLEY KETCHEM:345:1:13,12676
01/13/2026 19:00:00,01/14/2026 01:00:00,TMP221_28668,FG,28668,BINDING,-8.8083,XFMR BELFELD - BELFELD,WAUE:BELFELD XF KU1A3:345 230 13.8,22236
01/13/2026 19:00:00,01/14/2026 01:00:00,TMP246_28141,FG,28141,BINDING,-7.8818,LN AUR1241 - RDSPG5,CSWS SPA:EUREKASP EURK_SPA BEAVER1,32502
01/13/2026 19:00:00,01/14/2026 01:00:00,TMP529_25564,FG,25564,BINDING,-25.6552,LN PTRBRG_N - PETRSBG,NPPD:HOSKINS ANTELOP3:345:1:21,CON965
01/13/2026 19:00:00,01/14/2026 01:00:00,TMP721_29543,FG,29543,BINDING,-93.4142,LN WEMP - VAUG,WR:WICH BURN:345:1:10,16323
01/13/2026 20:00:00,01/14/2026 02:00:00,11043A_LN@LEX1611<12128>,MA,,BINDING,1.5678,LN LEX1611 - RICHMN2,MPS AMRN:SIBLEY OVER:345:2:9,12128
01/13/2026 20:00:00,01/14/2026 02:00:00,1104T1_161/69_XF@LEX1611<27815>,MA,,BINDING,-5.9397,XFMR LEX1611 - LEX1611,MPS:ODESSA1 LEX1611:161:1:9,27815
01/13/2026 20:00:00,01/14/2026 02:00:00,DRIFTSAND_LINEA_LN@DRFTSND4<BASE>,MA,,BINDING,-15.8655,LN DRFTSND4 - SANTAFE4,BASE,BASE
01/13/2026 20:00:00,01/14/2026 02:00:00,KETCHEM_KETCH_OSBORN_A_LN,MCE,,BINDING,12.1630,LN KETCHEM - OSBORNWF,BASE,BASE
01/13/2026 20:00:00,01/14/2026 02:00:00,KY2BKY2B_XF@GRNDFKS<24739>,MA,,BINDING,6.4016,XFMR GRNDFKS - GRNDFKS,WAUE:GRNDFKS XF KV1A3:230 115 12.5,24739
01/13/2026 20:00:00,01/14/2026 02:00:00,NASXFRNASHAW,FG,5577,BINDING,-98.5249,XFMR NASHUA - NASHUA,KCPL:NASHUA SHALE:345:1:11,25948
01/13/2026 20:00:00,01/14/2026 02:00:00,SOONER_SONR_SONR_PHSHFT_PS,MCE,,BREACHED,0.0000,PS SOONER - SOONER,BASE,BASE
01/13/2026 20:00:00,01/14/2026 02:00:00,TEMP76_32162,FG,32162,BINDING,-53.6950,XFMR DUNCAN - DUNCAN,WFEC:PAYNE_WF PAOLI2:138:1:9,19871
01/13/2026 20:00:00,01/14/2026 02:00:00,TEMP82_22539,FG,22539,BINDING,-63.9725,LN SHAYS - MULGRE2,WR MIDW:SUMM WR_SMKHL:230:1:5,625
01/13/2026 20:00:00,01/14/2026 02:00:00,TMP128_29363,FG,29363,BINDING,-50.6856,LN RUSSETT - SBROWN,OKGE:BROWN2 BODLE CANEY1:138:7:34,333
01/13/2026 20:00:00,01/14/2026 02:00:00,TMP221_28668,FG,28668,BINDING,-5.2698,XFMR BELFELD - BELFELD,WAUE:BELFELD XF KU1A3:345 230 13.8,22236
01/13/2026 20:00:00,01/14/2026 02:00:00,TMP246_28141,FG,28141,BINDING,-225.5444,LN AUR1241 - RDSPG5,CSWS SPA:EUREKASP EURK_SPA BEAVER1,32502
01/13/2026 20:00:00,01/14/2026 02:00:00,TMP529_25564,FG,25564,BINDING,-19.8421,LN PTRBRG_N - PETRSBG,NPPD:HOSKINS ANTELOP3:345:1:21,CON965
01/13/2026 20:00:00,01/14/2026 02:00:00,TMP667_32554,FG,32554,BINDING,-40.6496,LN LITC - ASB3491,EDE WR:RAM452 NSES:161:1:5,7054
01/13/2026 20:00:00,01/14/2026 02:00:00,TMP758_28735,FG,28735,BINDING,-84.0810,XFMR NSES - NSES,WR:N345 NSES:345 161 13.8:4:11,11820
01/13/2026 20:00:00,01/14/2026 02:00:00,TMP907_29565,FG,29565,BINDING,-19.6366,LN OASIS - SAN_JUAN,SPS:CROSSRDS EDDY_CO:345:1:12,7545
01/13/2026 21:00:00,01/14/2026 03:00:00,11043A_LN@LEX1611<12128>,MA,,BINDING,42.3664,LN LEX1611 - RICHMN2,MPS AMRN:SIBLEY OVER:345:2:9,12128
01/13/2026 21:00:00,01/14/2026 03:00:00,DRFTSND4_DRIFTSAND_LINE_A_LN,MCE,,BINDING,-10.3731,LN DRFTSND4 - SANTAFE4,BASE,BASE
01/13/2026 21:00:00,01/14/2026 03:00:00,KETCHEM_KETCH_OSBORN_A_LN,MCE,,BINDING,10.7881,LN KETCHEM - OSBORNWF,BASE,BASE
01/13/2026 21:00:00,01/14/2026 03:00:00,KY2BKY2B_XF@GRNDFKS<24739>,MA,,BINDING,20.9080,XFMR GRNDFKS - GRNDFKS,WAUE:GRNDFKS XF KV1A3:230 115 12.5,24739
01/13/2026 21:00:00,01/14/2026 03:00:00,NASXFRNASHAW,FG,5577,BINDING,-110.6000,XFMR NASHUA - NASHUA,KCPL:NASHUA SHALE:345:1:11,25948
01/13/2026 21:00:00,01/14/2026 03:00:00,SOONER_SONR_SONR_PHSHFT_PS,MCE,,BREACHED,0.0000,PS SOONER - SOONER,BASE,BASE
01/13/2026 21:00:00,01/14/2026 03:00:00,TEMP53_32291,FG,32291,BINDING,-94.5208,LN WEMP - VAUG,WR:BUTL OTTERCRK:138:1:7,5782
01/13/2026 21:00:00,01/14/2026 03:00:00,TEMP76_32162,FG,32162,BINDING,-102.6540,XFMR DUNCAN - DUNCAN,WFEC:PAYNE_WF PAOLI2:138:1:9,19871
01/13/2026 21:00:00,01/14/2026 03:00:00,TEMP82_22539,FG,22539,BINDING,-48.7508,LN SHAYS - MULGRE2,WR MIDW:SUMM WR_SMKHL:230:1:5,625
01/13/2026 21:00:00,01/14/2026 03:00:00,TMP128_29363,FG,29363,BINDING,-74.0981,LN RUSSETT - SBROWN,OKGE:BROWN2 BODLE CANEY1:138:7:34,333
01/13/2026 21:00:00,01/14/2026 03:00:00,TMP200_25341,FG,25341,BINDING,-4.2089,XFMR POTTER_S - POTTER_S,SPS:HITCH MOORE_CO:230:1:10,13134
01/13/2026 21:00:00,01/14/2026 03:00:00,TMP221_28668,FG,28668,BINDING,-13.6505,XFMR BELFELD - BELFELD,WAUE:BELFELD XF KU1A3:345 230 13.8,22236
01/13/2026 21:00:00,01/14/2026 03:00:00,TMP246_28141,FG,28141,BINDING,-278.3116,LN AUR1241 - RDSPG5,CSWS SPA:EUREKASP EURK_SPA BEAVER1,32502
01/13/2026 21:00:00,01/14/2026 03:00:00,TMP364_1068,FG,1068,BINDING,-46.6203,LN WILMSBRG - MONT_CTY,AMRN:BURN2 MTGY:345:1:8,14559
01/13/2026 21:00:00,01/14/2026 03:00:00,TMP529_25564,FG,25564,BINDING,-9.1523,LN PTRBRG_N - PETRSBG,NPPD:HOSKINS ANTELOP3:345:1:21,CON965
01/13/2026 21:00:00,01/14/2026 03:00:00,TMP667_32554,FG,32554,BINDING,-47.9940,LN LITC - ASB3491,EDE WR:RAM452 NSES:161:1:5,7054
01/13/2026 21:00:00,01/14/2026 03:00:00,TMP758_28735,FG,28735,BINDING,-127.6105,XFMR NSES - NSES,WR:N345 NSES:345 161 13.8:4:11,11820
01/13/2026 22:00:00,01/14/2026 04:00:00,11043A_LN@LEX1611<12128>,MA,,BINDING,67.4154,LN LEX1611 - RICHMN2,MPS AMRN:SIBLEY OVER:345:2:9,12128
01/13/2026 22:00:00,01/14/2026 04:00:00,CROFTON_BLMFLD_CROFTON_A_LN,MCE,,BINDING,-1.6263,LN CROFTON - BLMFLD,BASE,BASE
01/13/2026 22:00:00,01/14/2026 04:00:00,DRFTSND4_DRIFTSAND_LINE_A_LN,MCE,,BINDING,-0.0486,LN DRFTSND4 - SANTAFE4,BASE,BASE
01/13/2026 22:00:00,01/14/2026 04:00:00,KETCHEM_KETCH_OSBORN_A_LN,MCE,,BINDING,6.7833,LN KETCHEM - OSBORNWF,BASE,BASE
01/13/2026 22:00:00,01/14/2026 04:00:00,NASXFRNASHAW,FG,5577,BINDING,-130.0561,XFMR NASHUA - NASHUA,KCPL:NASHUA SHALE:345:1:11,25948
01/13/2026 22:00:00,01/14/2026 04:00:00,SOONER_SONR_SONR_PHSHFT_PS,MCE,,BREACHED,0.0000,PS SOONER - SOONER,BASE,BASE
01/13/2026 22:00:00,01/14/2026 04:00:00,TEMP53_32291,FG,32291,BINDING,-125.2309,LN WEMP - VAUG,WR:BUTL OTTERCRK:138:1:7,5782
01/13/2026 22:00:00,01/14/2026 04:00:00,TEMP82_22539,FG,22539,BINDING,-24.7539,LN SHAYS - MULGRE2,WR MIDW:SUMM WR_SMKHL:230:1:5,625
01/13/2026 22:00:00,01/14/2026 04:00:00,TMP128_29363,FG,29363,BINDING,-81.2183,LN RUSSETT - SBROWN,OKGE:BROWN2 BODLE CANEY1:138:7:34,333
01/13/2026 22:00:00,01/14/2026 04:00:00,TMP200_25341,FG,25341,BINDING,-15.3752,XFMR POTTER_S - POTTER_S,SPS:HITCH MOORE_CO:230:1:10,13134
01/13/2026 22:00:00,01/14/2026 04:00:00,TMP221_28668,FG,28668,BINDING,-6.8607,XFMR BELFELD - BELFELD,WAUE:BELFELD XF KU1A3:345 230 13.8,22236
01/13/2026 22:00:00,01/14/2026 04:00:00,TMP246_28141,FG,28141,BINDING,-364.7235,LN AUR1241 - RDSPG5,CSWS SPA:EUREKASP EURK_SPA BEAVER1,32502
01/13/2026 22:00:00,01/14/2026 04:00:00,TMP266_27514,FG,27514,BINDING,-17.4727,XFMR FRANKLN5 - FRANKLN5,WR:FRANKLN5 LITC:161:1:8,8767
01/13/2026 22:00:00,01/14/2026 04:00:00,TMP364_1068,FG,1068,BINDING,-42.3018,LN WILMSBRG - MONT_CTY,AMRN:BURN2 MTGY:345:1:8,14559
01/13/2026 22:00:00,01/14/2026 04:00:00,TMP667_32554,FG,32554,BINDING,-50.6405,LN LITC - ASB3491,EDE WR:RAM452 NSES:161:1:5,7054
01/13/2026 22:00:00,01/14/2026 04:00:00,TMP758_28735,FG,28735,BINDING,-146.2596,XFMR NSES - NSES,WR:N345 NSES:345 161 13.8:4:11,11820
01/13/2026 22:00:00,01/14/2026 04:00:00,TP1214_32539,FG,32539,BINDING,-173.3043,XFMR DUNCAN - DUNCAN,OKGE CSWS:SUNNYSDE TERRY_RD:345:2:,2909
01/13/2026 23:00:00,01/14/2026 05:00:00,10883A_LN@CMRIVTP<7950>,MA,,BINDING,-22.5138,LN CMRIVTP - CIM-PL1,SECI:JUD-LR1 CRKCREEK:115:1:8,7950
01/13/2026 23:00:00,01/14/2026 05:00:00,11043A_LN@LEX1611<12128>,MA,,BINDING,45.1483,LN LEX1611 - RICHMN2,MPS AMRN:SIBLEY OVER:345:2:9,12128
01/13/2026 23:00:00,01/14/2026 05:00:00,BLMFLD_CROFTONA_LN@CROFTON<BASE>,MA,,BINDING,-1.1585,LN CROFTON - BLMFLD,BASE,BASE
01/13/2026 23:00:00,01/14/2026 05:00:00,DRFTSND4_DRIFTSAND_LINE_A_LN,MCE,,BINDING,-0.3014,LN DRFTSND4 - SANTAFE4,BASE,BASE
01/13/2026 23:00:00,01/14/2026 05:00:00,GAVINBLMFL11_11_LN@GAVINS<CON4260>,MA,,BINDING,0.1832,LN GAVINS - BLMFLD,LNBLMFLD-CREITONA115NPPD,CON4260
01/13/2026 23:00:00,01/14/2026 05:00:00,KETCHEM_KETCH_OSBORN_A_LN,MCE,,BINDING,6.5123,LN KETCHEM - OSBORNWF,BASE,BASE
01/13/2026 23:00:00,01/14/2026 05:00:00,KY2BKY2B_XF@GRNDFKS<24739>,MA,,BINDING,7.2149,XFMR GRNDFKS - GRNDFKS,WAUE:GRNDFKS XF KV1A3:230 115 12.5,24739
01/13/2026 23:00:00,01/14/2026 05:00:00,NASXFRNASHAW,FG,5577,BINDING,-88.0843,XFMR NASHUA - NASHUA,KCPL:NASHUA SHALE:345:1:11,25948
01/13/2026 23:00:00,01/14/2026 05:00:00,OSAWEBCLESOO,FG,5147,BINDING,-37.2634,LN OSAGE_OG - WEBBTAP4,GRDA OKGE:CLEVLND7 WHTETAIL:345:1:,33380
01/13/2026 23:00:00,01/14/2026 05:00:00,SMKSUMPOSAXT,FG,5695,BINDING,-17.1373,LN WR_SMKHL - SUMM,NPPD:MACON345 AXTELL1:345:1:13,6145
01/13/2026 23:00:00,01/14/2026 05:00:00,SOONER_SONR_SONR_PHSHFT_PS,MCE,,BREACHED,0.0000,PS SOONER - SOONER,BASE,BASE
01/13/2026 23:00:00,01/14/2026 05:00:00,TEMP53_32291,FG,32291,BINDING,-76.0058,LN WEMP - VAUG,WR:BUTL OTTERCRK:138:1:7,5782
01/13/2026 23:00:00,01/14/2026 05:00:00,TEMP82_22539,FG,22539,BINDING,-2.2096,LN SHAYS - MULGRE2,WR MIDW:SUMM WR_SMKHL:230:1:5,625
01/13/2026 23:00:00,01/14/2026 05:00:00,TMP128_29363,FG,29363,BINDING,-63.7266,LN RUSSETT - SBROWN,OKGE:BROWN2 BODLE CANEY1:138:7:34,333
01/13/2026 23:00:00,01/14/2026 05:00:00,TMP200_25341,FG,25341,BINDING,-5.0049,XFMR POTTER_S - POTTER_S,SPS:HITCH MOORE_CO:230:1:10,13134
01/13/2026 23:00:00,01/14/2026 05:00:00,TMP221_28668,FG,28668,BINDING,-12.7412,XFMR BELFELD - BELFELD,WAUE:BELFELD XF KU1A3:345 230 13.8,22236
01/13/2026 23:00:00,01/14/2026 05:00:00,TMP246_28141,FG,28141,BINDING,-309.3456,LN AUR1241 - RDSPG5,CSWS SPA:EUREKASP EURK_SPA BEAVER1,32502
01/13/2026 23:00:00,01/14/2026 05:00:00,TMP529_25564,FG,25564,BINDING,-0.4617,LN PTRBRG_N - PETRSBG,NPPD:HOSKINS ANTELOP3:345:1:21,CON965
01/13/2026 23:00:00,01/14/2026 05:00:00,TMP667_32554,FG,32554,BINDING,-51.4768,LN LITC - ASB3491,EDE WR:RAM452 NSES:161:1:5,7054
01/13/2026 23:00:00,01/14/2026 05:00:00,TMP758_28735,FG,28735,BINDING,-100.6518,XFMR NSES - NSES,WR:N345 NSES:345 161 13.8:4:11,11820
01/13/2026 23:00:00,01/14/2026 05:00:00,TP1214_32539,FG,32539,BINDING,-209.3909,XFMR DUNCAN - DUNCAN,OKGE CSWS:SUNNYSDE TERRY_RD:345:2:,2909
01/14/2026 00:00:00,01/14/2026 06:00:00,10883A_LN@CMRIVTP<7950>,MA,,BINDING,-21.7596,LN CMRIVTP - CIM-PL1,SECI:JUD-LR1 CRKCREEK:115:1:8,7950
01/14/2026 00:00:00,01/14/2026 06:00:00,11043A_LN@LEX1611<12128>,MA,,BINDING,51.7543,LN LEX1611 - RICHMN2,MPS AMRN:SIBLEY OVER:345:2:9,12128
01/14/2026 00:00:00,01/14/2026 06:00:00,BLMFLD_CROFTONA_LN@CROFTON<BASE>,MA,,BINDING,-0.1813,LN CROFTON - BLMFLD,BASE,BASE
01/14/2026 00:00:00,01/14/2026 06:00:00,DRFTSND4_DRIFTSAND_LINE_A_LN,MCE,,BINDING,-6.9580,LN DRFTSND4 - SANTAFE4,BASE,BASE
01/14/2026 00:00:00,01/14/2026 06:00:00,KETCHEM_KETCH_OSBORN_A_LN,MCE,,BINDING,6.1818,LN KETCHEM - OSBORNWF,BASE,BASE
01/14/2026 00:00:00,01/14/2026 06:00:00,KY2BKY2B_XF@GRNDFKS<24739>,MA,,BINDING,2.7076,XFMR GRNDFKS - GRNDFKS,WAUE:GRNDFKS XF KV1A3:230 115 12.5,24739
01/14/2026 00:00:00,01/14/2026 06:00:00,LWCKTYKNTJ11_1A_LN@LEWSCLRK<33653>,MA,,BINDING,-1.5194,LN LEWSCLRK - YKNTJCT,WAUE NPPD:GAVINS HARTNGTN:115:1:4,33653
01/14/2026 00:00:00,01/14/2026 06:00:00,NASXFRNASHAW,FG,5577,BINDING,-65.8069,XFMR NASHUA - NASHUA,KCPL:NASHUA SHALE:345:1:11,25948
01/14/2026 00:00:00,01/14/2026 06:00:00,OSAWEBCLESOO,FG,5147,BINDING,-75.9313,LN OSAGE_OG - WEBBTAP4,GRDA OKGE:CLEVLND7 WHTETAIL:345:1:,33380
01/14/2026 00:00:00,01/14/2026 06:00:00,SOONER_SONR_SONR_PHSHFT_PS,MCE,,BREACHED,0.0000,PS SOONER - SOONER,BASE,BASE
01/14/2026 00:00:00,01/14/2026 06:00:00,TEMP53_32291,FG,32291,BINDING,-10.3004,LN WEMP - VAUG,WR:BUTL OTTERCRK:138:1:7,5782
01/14/2026 00:00:00,01/14/2026 06:00:00,TEMP70_29435,FG,29435,BINDING,-9.4439,LN CRESCENT - CTNWD1,WFEC OKGE:DOVERS1 HENSY:138:3:15,3020
01/14/2026 00:00:00,01/14/2026 06:00:00,TEMP82_22539,FG,22539,BINDING,-26.4603,LN SHAYS - MULGRE2,WR MIDW:SUMM WR_SMKHL:230:1:5,625
01/14/2026 00:00:00,01/14/2026 06:00:00,TMP122_26551,FG,26551,BINDING,-2.7803,LN WR_SMKHL - SUMM,SECI MIDW:MULGRE2 SHAYS:230:1:9,12487
01/14/2026 00:00:00,01/14/2026 06:00:00,TMP128_29363,FG,29363,BINDING,-65.3286,LN RUSSETT - SBROWN,OKGE:BROWN2 BODLE CANEY1:138:7:34,333
01/14/2026 00:00:00,01/14/2026 06:00:00,TMP200_25341,FG,25341,BINDING,-7.7934,XFMR POTTER_S - POTTER_S,SPS:HITCH MOORE_CO:230:1:10,13134
01/14/2026 00:00:00,01/14/2026 06:00:00,TMP221_28668,FG,28668,BINDING,-16.2430,XFMR BELFELD - BELFELD,WAUE:BELFELD XF KU1A3:345 230 13.8,22236
01/14/2026 00:00:00,01/14/2026 06:00:00,TMP246_28141,FG,28141,BINDING,-274.7346,LN AUR1241 - RDSPG5,CSWS SPA:EUREKASP EURK_SPA BEAVER1,32502
01/14/2026 00:00:00,01/14/2026 06:00:00,TMP266_27514,FG,27514,BINDING,-16.6594,XFMR FRANKLN5 - FRANKLN5,WR:FRANKLN5 LITC:161:1:8,8767
01/14/2026 00:00:00,01/14/2026 06:00:00,TMP667_32554,FG,32554,BINDING,-69.4463,LN LITC - ASB3491,EDE WR:RAM452 NSES:161:1:5,7054
01/14/2026 00:00:00,01/14/2026 06:00:00,TMP758_28735,FG,28735,BINDING,-142.9545,XFMR NSES - NSES,WR:N345 NSES:345 161 13.8:4:11,11820
01/14/2026 00:00:00,01/14/2026 06:00:00,TP1214_32539,FG,32539,BINDING,-166.6277,XFMR DUNCAN - DUNCAN,OKGE CSWS:SUNNYSDE TERRY_RD:345:2:,2909
